userId,name
1,Jit Yong
2,Irene
3,Noelle
4,Bianca
5,Prescott
6,Reed
7,Ignacia
8,Jin
9,Flynn
10,Jocelyn
11,Jerry
12,Lars
13,Nigel
14,Colin
15,Rashad
16,Bertha
17,Jacqueline
18,Mariko
19,Idola
20,Nehru
21,Remedios
22,Chester
23,Aladdin
24,April
25,Shannon
26,Neville
27,Lev
28,Candace
29,Palmer
30,Hanae
31,David
32,Noelani
33,Lars
34,Steven
35,Charles
36,Oliver
37,Ronan
38,Clio
39,Perry
40,Desirae
41,Fletcher
42,Kay
43,Nevada
44,Caesar
45,Barbara
46,Britanney
47,Caryn
48,Tasha
49,Herrod
50,Jeanette
51,Janna
52,Lucian
53,Lane
54,Howard
55,Rhoda
56,Lev
57,Desirae
58,Donovan
59,Amy
60,Hope
61,Yasir
62,Amaya
63,Kimberley
64,Echo
65,Noelle
66,Meredith
67,Hayley
68,Dana
69,Latifah
70,Tucker
71,Veronica
72,Diana
73,Abra
74,Emi
75,Geraldine
76,Shafira
77,Logan
78,Macey
79,Lisandra
80,Kieran
81,Fallon
82,Connor
83,Diana
84,Thomas
85,Abbot
86,Griffith
87,Ryder
88,Ulric
89,Quin
90,Josephine
91,Bert
92,Kelly
93,Wylie
94,Dakota
95,Anjolie
96,Hamish
97,Sheila
98,Alfreda
99,Orla
100,Eagan
